Date,IPO_Name,Issue_Size(crores),QIB,HNI,RII,Total,Offer Price,Listing Gain
2010-01-06,D B Corp Limited,384.22,68.52,26.17,3.42,39.54,212.0,17.92
2010-02-03,Infinite Computer Solutions Limited,189.8,48.44,106.02,11.08,43.22,165.0,8.09
2010-02-08,Jubilant Foodworks Limited,328.72,59.39,51.95,3.79,31.11,145.0,11.45
2010-02-19,NTPC Limited,8478.75,2.18,0.43,0.16,1.2,201.0,1.49
2010-02-24,Valor Estates Limited,1500.0,4.47,4.25,0.37,2.95,468.0,-8.12
2010-02-24,Emmbi Industries Limited,38.96,0.43,5.55,0.46,1.2,45.0,1.11
2010-03-18,United Bank of India,324.98,47.08,39.15,9.8,33.38,66.0,16.67
2010-03-29,NMDC Limited,9967.3,2.28,0.22,0.22,1.25,300.0,-1.43
2010-04-06,Persistent Systems Limited,168.01,144.43,107.73,21.69,93.6,310.0,29.03
2010-05-10,Talwalkars Better Value Fitness Limited,77.44,35.43,51.48,8.43,28.39,128.0,7.81
2010-05-13,Satchmo Holdings Limited,405.0,2.54,0.22,0.16,1.16,54.0,-7.41
2010-05-20,SJVN Limited,1062.51,9.03,3.39,3.12,6.64,26.0,7.69
2010-07-16,Technofab Engineers Limited,71.66,4.28,48.85,10.03,12.78,240.0,10.42
2010-07-21,Hindustan Media Ventures Limited,270.0,8.98,3.39,1.0,5.43,166.0,2.41
2010-08-16,Bharat Financial Inclusion Limited,1628.78,20.38,18.26,2.81,13.69,985.0,5.18
2010-08-18,Bajaj Consumer Care Limited,297.0,20.19,53.49,6.62,19.29,660.0,10.61
2010-10-06,CP Capital Ltd,115.0,47.45,101.93,31.74,47.39,310.0,48.71
2010-10-12,Cantabil Retail India Ltd,105.0,1.71,3.83,2.63,2.35,135.0,-0.89
2010-10-27,Shah Metacorp Ltd,54.67,1.54,33.44,8.0,8.59,71.0,7.89
2010-12-15,Shipping Corporation of India Ltd,1164.73,4.19,3.67,6.56,4.92,140.0,-2.21
2011-10-20,Ujaas Energy Ltd,93.0,1.03,1.56,2.35,1.57,186.0,-3.23
2011-11-02,Indo Thai Securities Ltd,29.6,0.0,0.02,3.35,1.18,74.0,1.35
2012-05-09,Tribhovandas Bhimji Zaveri Ltd,200.0,1.29,1.91,0.68,1.15,120.0,-4.17
2014-02-28,Engineers India Ltd,498.13,23.43,5.85,2.99,13.36,150.0,-0.07
2014-05-09,Wonderla Holidays Ltd,181.25,16.71,159.04,7.55,38.06,125.0,31.8
2015-05-06,MEP Infrastructure Developers Ltd,324.0,1.02,1.51,0.97,1.11,63.0,0.0
2015-09-10,Shree Pushkar Chemicals Ltd,70.0,0.97,2.09,1.54,1.34,65.0,-7.69
2015-11-02,Coffee Day Enterprises Ltd,1150.0,,,,,328.0,-4.57
2015-11-10,Interglobe Aviation Ltd,3008.5,17.8,3.57,0.92,6.15,765.0,11.9
2015-12-23,Dr Lal Pathlabs Ltd,631.91,63.56,61.28,4.24,33.41,550.0,30.36
2016-04-21,Equitas Holdings Ltd,2176.69,14.93,57.29,1.4,17.21,110.0,30.91
2016-05-19,Parag Milk Foods Ltd,750.54,1.15,3.08,2.12,1.83,215.0,0.33
2016-08-12,S P Apparels Ltd,239.12,1.0,0.45,0.54,0.66,268.0,13.81
2016-11-07,PNB Housing Finance Ltd,3000.0,37.33,86.17,1.35,29.55,775.0,11.35
2017-05-09,S Chand & Company Ltd,728.6,44.27,204.65,6.07,59.49,670.0,5.52
2017-05-29,PSP Projects Ltd,211.68,8.38,10.39,6.47,8.58,210.0,-5.24
2017-06-27,Tejas Networks Ltd,776.69,2.16,0.48,3.1,1.88,257.0,0.0
2017-07-10,AU Small Finance Bank Ltd,1912.51,78.77,143.51,3.52,53.6,358.0,46.65
2017-10-16,Godrej Agrovet Ltd,1157.31,150.96,236.04,7.67,95.41,460.0,35.0
2017-12-29,Astron Paper & Board Mill Ltd,69.83,103.36,396.99,77.93,243.29,50.0,128.0
2018-04-02,Dharan Infra EPC Ltd,77.4,1.55,3.44,2.01,2.54,180.0,-24.44
2018-04-04,ICICI Securities Ltd,3514.85,1.04,0.36,0.88,0.78,520.0,-17.1
2018-07-02,Fine Organic Industries Ltd,600.17,12.86,21.01,1.62,8.99,783.0,4.09
2018-07-06,Varroc Engineering Ltd,1954.96,9.16,2.45,0.95,3.59,967.0,6.72
2018-08-23,CreditAccess Grameen Ltd,1131.19,5.52,0.98,0.88,2.22,422.0,-8.77
2019-04-16,Polycab India Ltd,1345.26,92.44,110.42,4.65,51.96,538.0,17.66
2019-12-12,Ujjivan Small Finance Bank Ltd,745.95,110.72,473.0,49.09,165.69,37.0,56.76
2019-12-30,Prince Pipes and Fittings Ltd,500.0,3.54,1.21,1.89,2.21,178.0,-10.11
2020-10-15,Likhitha Infrastructure Ltd,61.2,21.99,1.54,23.71,9.51,120.0,8.42
2021-03-15,MTAR Technologies Limited,596.41,164.99,650.79,28.4,200.79,575.0,85.03
2021-03-25,Craftsman Automation Limited,823.7,5.21,2.84,3.43,3.81,1490.0,-9.4
2021-03-25,Laxmi Organic Industries Limited,600.0,175.43,217.62,20.06,106.79,130.0,20.15
2021-05-14,Powergrid Infrastructure Investment Trust,7734.99,4.63,5.07,0.0,4.83,100.0,4.0
2021-06-28,Dodla Dairy Limited,520.18,84.88,73.26,11.33,45.61,428.0,23.36
2021-07-23,Eternal Limited,9375.0,51.79,32.96,7.45,38.25,76.0,51.32
2021-08-16,Devyani International Limited,1838.0,95.27,213.06,39.52,116.71,90.0,56.67
2021-08-24,Chemplast Sanmar Limited,3850.0,2.7,1.03,2.29,2.17,541.0,-2.96
2021-09-14,Vijaya Diagnostic Centre Limited,1894.26,13.07,1.32,1.09,4.54,531.0,2.13
2021-09-14,Acutaas Chemicals Limited,569.64,86.64,154.81,13.36,64.54,610.0,47.87
2021-11-18,Sapphire Foods India,2073.25,7.5,3.46,8.7,6.62,1180.0,11.1
2021-11-18,One97 Communications,18300.0,2.79,0.24,1.66,1.89,2150.0,-9.07
2022-02-08,AWL Agri Business Limited (formerly Adani Wilmar Limited),3600.0,5.73,56.3,3.92,17.37,230.0,-3.91
2022-05-10,Rainbow Children’s Medicare Limited,1580.85,38.9,1.37,0.7,5.25,542.0,-6.64
2022-05-17,Life Insurance Corporation of India (LIC),20557.2,2.83,1.39,1.14,1.64,949.0,-8.62
2022-09-26,Harsha Engineers,755.0,178.26,40.36,12.44,47.19,330.0,34.55
2022-11-21,Five Star Business Finance Limited,1588.51,1.77,0.61,0.11,0.7,474.0,-5.07
2022-11-24,Keystone Realtors Limited,635.0,3.84,3.03,0.53,2.01,541.0,2.59
2022-12-22,Sula Vineyards Limited,960.35,4.13,1.51,1.65,2.33,357.0,0.28
2023-03-23,Global Surfaces Limited,154.98,8.95,33.1,5.12,12.21,140.0,16.43
2023-06-16,IKIO Technologies Limited (formerly IKIO Lighting Limited),606.5,163.58,63.35,13.86,66.3,285.0,37.19
2023-07-21,Utkarsh Small Finance Bank Limited,500.0,124.85,81.64,72.11,101.91,25.0,59.8
2023-08-07,Yatharth Hospital & Trauma Care Services Limited,686.55,85.1,37.22,8.34,36.16,300.0,1.33
2023-08-18,Concord Biotech Limited,1550.52,67.67,16.99,3.78,24.87,741.0,21.46
2023-09-11,Rishabh Instruments Limited,490.78,72.54,31.29,8.44,31.65,441.0,4.31
2023-09-21,EMS Limited,321.25,0.67,29.73,16.62,15.05,211.0,33.44
2023-10-03,Manoj Vaibhav Gems,270.2,1.06,5.18,1.66,2.25,215.0,0.0
2023-10-06,Valiant Laboratories Limited,152.46,20.83,73.64,16.06,29.76,140.0,15.0
2023-10-12,Plaza Wires Limited,71.28,42.84,388.09,374.81,160.97,54.0,55.56
2023-11-07,Honasa Consumer Limited (Mamaearth),1701.44,11.5,4.02,1.35,7.61,324.0,0.0
2023-11-15,ASK Automotive Limited,833.91,142.41,35.47,5.7,51.14,282.0,8.12
2023-12-01,Flair Writing Instruments Limited,593.0,115.6,33.37,13.01,46.68,304.0,65.46
2023-12-20,India Shelter Finance Limited,1200.0,89.7,28.51,9.95,36.71,493.0,24.28
2024-01-30,Epack Durable Limited,640.05,25.5,28.1,6.29,16.37,230.0,-2.17
2024-01-31,Nova Agritech Limited,143.81,79.31,224.08,77.12,109.37,41.0,36.59
2024-02-28,Juniper Hotels Ltd ,1800.0,0.0,0.06,0.52,0.11,360.0,0.33
2024-03-07,Mukka Proteins Ltd ,224.0,189.28,250.38,58.52,136.99,28.0,57.14
2024-03-14,Gopal Snacks Ltd,650.0,17.5,9.5,4.01,9.02,401.0,-12.72
2024-07-26,Sanstar Limited,510.55,145.68,136.5,24.23,82.99,95.0,12.0
2024-08-08,Ceigall India Limited,1252.66,31.5,14.42,3.77,13.78,401.0,2.99
2024-08-13,Unicommerce eSolutions Limited,276.57,138.75,252.48,131.15,168.39,108.0,112.96
2024-08-20,Saraswati Saree Depot Limited,160.01,64.12,358.65,61.88,107.52,160.0,25.0
2024-08-26,Interarch Building Products Limited,600.29,205.41,128.42,19.11,93.53,900.0,43.47
2024-08-28,Orient Technologies Limited,214.76,189.9,300.6,66.87,151.71,206.0,40.78
2024-09-03,Premier Energies Limited,2830.4,216.67,50.04,7.69,74.38,450.0,120.22
2024-09-06,Baazar Style Retail Limited,834.68,81.83,59.43,9.12,40.66,389.0,0.0
2024-09-09,Gala Precision Engineering Limited,167.93,232.54,414.62,91.95,201.41,529.0,41.78
2024-09-12,Shree Tirupati Balajee Agro Trading Company Limited,169.65,150.87,210.12,73.22,124.75,83.0,11.93
2024-09-16,Kross Limited,500.0,23.32,22.24,10.76,16.81,240.0,0.0
2024-09-16,Bajaj Housing Finance Limited,6560.0,209.36,41.51,7.04,63.61,70.0,114.29
2024-09-17,P N Gadgil Jewellers Limited,1100.0,136.85,56.08,16.58,59.4,480.0,73.75
2024-09-24,Arkade Developers Limited,410.0,163.16,163.02,51.39,106.83,128.0,37.42
2024-09-24,Western Carriers Limited,492.88,27.99,44.71,25.95,30.57,172.0,-1.16
2024-10-03,KRN Heat Exchanger and Refrigeration Limited,341.95,253.04,431.63,98.29,214.42,220.0,113.64
2024-10-28,Deepak Builders & Engineers India Limited,260.04,13.91,82.47,39.79,41.54,203.0,-2.22
2024-11-27,NTPC Green Energy Limited,10000.0,3.32,0.81,3.44,2.42,108.0,3.33
2024-12-31,Unimech Aerospace and Manufacturing Limited,500.0,317.63,263.78,56.74,175.31,785.0,89.94
2025-01-23,Stallion India Fluorochem Limited,199.45,172.93,422.42,96.89,188.37,90.0,33.33
2025-02-17,Ajax Engineering Limited,1268.88,14.41,6.46,1.92,6.44,629.0,-5.72
2025-07-02,Sambhv Steel Tubes Limited,540.0,62.32,31.82,7.99,28.46,82.0,34.27
2025-07-17,Smartworks Coworking Limited,582.56,24.41,22.78,3.53,13.45,407.0,7.15
2025-07-21,Anthem Biosciences Limited,3395.0,182.65,42.36,5.64,63.86,570.0,26.86
2025-07-31,Brigade Hotel Ventures Limited,759.6,5.42,1.92,6.4,4.48,90.0,-8.89
2025-08-06,National Securities Depository Ltd (NSDL),4011.6,103.97,34.98,7.73,41.01,800.0,10.0
2025-09-26,Saatvik Green Energy Ltd,900.0,10.84,10.04,2.66,6.57,465.0,-1.08
2025-09-26,GK Energy Ltd,464.26,186.29,122.73,20.79,89.62,153.0,7.84
2025-09-29,Atlanta Electricals Ltd,687.85,194.92,54.2,10.42,70.63,754.0,13.81
2025-09-29,Ganesh Consumer Products Ltd,408.8,4.18,4.34,1.15,2.67,322.0,-8.39
2025-09-30,Solarworld Energy Ltd,490.0,70.43,64.73,49.15,65.01,351.0,10.83
2025-09-30,Seshaasai Technologies Ltd,813.07,189.63,49.89,9.17,68.13,423.0,3.07
2025-09-30,Jaro Institute of Technology Management,450.0,35.35,35.48,8.71,22.06,890.0,0.0
2025-09-30,Anand Rathi Share & Stock Brokers Ltd,745.0,43.8,28.6,4.78,20.66,414.0,4.37
2025-10-01,Jain Resource Recycling Ltd,1250.0,25.29,5.3,3.62,15.9,232.0,14.33
2025-10-01,BMW Ventures Ltd,231.66,3.09,3.03,0.99,1.5,99.0,-19.19
2025-10-01,EPack Prefab Technologies Ltd,504.0,5.1,3.68,1.69,3.07,204.0,-8.77
2025-10-03,Jinkushal Industries Ltd,116.15,35.66,146.39,47.1,65.1,121.0,3.31
2025-10-03,TruAlt Bioenergy Ltd,839.28,159.22,98.56,11.0,71.92,496.0,10.89
2025-10-06,Pace Digitek Ltd,819.35,1.6,2.9,1.03,1.59,219.0,3.58
2025-10-07,Glottis Ltd,307.0,1.87,2.97,1.42,2.05,129.0,-31.78
2025-10-07,Fabtech Technologies Ltd,230.35,2.02,1.97,2.08,2.03,191.0,0.0
2025-10-08,Advance Agrolife Ltd,192.86,27.31,175.3,23.06,56.85,100.0,13.0
2025-10-08,Om Freight Forwarding Ltd,122.31,3.97,7.39,2.75,3.87,135.0,-38.89
2025-10-10,Wework India Management Ltd,3000.0,1.79,0.23,0.61,1.15,648.0,
2025-10-13,Tata Capital Ltd,15511.9,3.42,1.98,1.1,1.95,326.0,1.23
2025-10-14,LG Electronics India Ltd,11607.0,166.51,22.44,3.54,54.02,1140.0,50.44
2025-10-16,Rubicon Research Ltd,1377.5,130.26,97.61,35.47,103.9,485.0,27.86
2025-10-16,Anantam Highways Trust,400.0,2.49,7.29,0.0,4.67,100.0,3.02
2025-10-16,Canara Robeco Asset Management Ltd,1326.13,25.92,6.45,1.91,9.74,266.0,5.36
2025-10-17,Canara HSBC Life Insurance Ltd,2517.5,7.05,0.33,0.42,2.29,106.0,0.0
2025-10-24,Midwest Ltd,451.0,139.87,168.07,24.26,87.89,1065.0,9.4
2025-11-06,Orkla India Ltd,1667.54,117.63,54.42,7.05,48.73,730.0,2.95
2025-11-07,Studds Accessories Ltd,455.49,159.99,76.99,22.09,73.25,585.0,-2.56
2025-11-10,Lenskart Solutions Ltd,7278.02,40.35,18.23,7.54,28.26,402.0,
2025-11-12,Billionbrains Garages Ltd,6632.3,22.02,14.2,9.43,17.6,100.0,
2010-01-04,JSW Energy Limited,2700.0,2.88,0.15,0.4,1.68,100.0,2.0
2010-01-05,Godrej Properties Limited,468.85,7.45,0.41,0.38,4.0,490.0,4.08
2010-01-11,MBL Infrastructure Limited,102.6,3.35,2.65,0.4,1.97,180.0,5.56
2010-01-29,Birla Shloka Edutech Limited,34.78,0.0,5.45,1.76,1.43,50.0,-2.0
2010-02-15,Vascon Engineers Limited,178.2,1.12,3.65,0.62,1.22,165.0,3.03
2010-02-15,Syncom Healthcare Limited,56.25,0.99,16.6,6.25,5.17,75.0,17.33
2010-02-19,Thangamayil Jewellery Limited,28.75,0.52,1.52,2.26,1.12,75.0,-6.67
2010-02-23,Aqua Logistics Limited,150.0,0.26,5.07,3.0,1.94,220.0,-0.27
2010-02-25,Hathway Cable & Datacom Limited,666.0,1.43,4.29,0.28,1.36,240.0,2.5
2010-03-03,ARSS Infrastructure Projects Limited,103.0,49.34,124.53,18.55,47.62,450.0,42.22
2010-03-08,REC Limited,3529.94,39.3,27.12,7.68,27.91,203.0,13.3
2010-03-10,Texmo Pipes and Products Limited,45.0,1.02,30.5,7.26,7.48,90.0,12.78
2010-03-11,Man Infraconstruction Limited,141.75,96.06,104.57,10.26,62.53,252.0,32.94
2010-03-29,DQ Entertainment (International) Limited,128.16,93.86,272.88,19.45,86.33,80.0,68.75
2010-03-30,IL&FS Transportation Networks Limited,700.0,52.61,39.39,4.56,33.42,258.0,11.24
2010-04-05,Pradip Overseas Limited,116.6,8.57,45.35,10.53,14.08,110.0,9.09
2010-04-09,Shree Ganesh Jewellery House (I) Limited,371.02,1.38,6.13,1.39,1.96,260.0,-0.44
2010-04-12,Intrasoft Technologies Limited,53.65,21.97,21.6,13.51,18.95,145.0,-3.45
2010-04-16,Goenka Diamond & Jewellery Limited,126.51,0.78,3.0,0.66,1.07,135.0,-3.7
2010-05-18,Tarapur Transformers Limited,63.75,0.03,5.08,2.74,1.74,75.0,0.0
2010-05-19,GB Global Limited,107.9,7.97,10.52,2.81,6.32,130.0,2.08
2010-05-21,Jaypee Infratech Limited,2257.6,1.77,1.15,0.61,1.24,102.0,-8.82
2010-06-11,Standard Chartered (India) Limited,2486.35,4.15,1.9,0.25,2.2,104.0,0.96
2010-07-01,Parabolic Drugs Limited,200.0,1.48,1.2,0.4,1.04,75.0,1.33
2010-07-28,Shri Aster Silicates Limited,53.1,0.01,12.46,7.41,4.47,118.0,8.22
2010-08-04,Midfield Industries Limited,59.85,1.86,48.41,13.51,12.92,133.0,19.85
2010-08-12,Engineers India Limited,959.35,23.43,5.85,2.99,13.36,290.0,8.62
2010-08-25,Prakash Steelage Limited,68.75,1.27,10.91,6.62,4.53,110.0,7.77
2010-09-09,Gujarat Pipavav Port Limited,553.85,13.2,85.7,9.15,19.94,46.0,22.28
2010-09-29,Indosolar Limited,357.0,1.44,1.3,1.81,1.55,29.0,2.59
2010-10-01,Tirupati Inks Limited,51.5,1.78,23.18,12.59,8.77,43.0,25.47
2010-10-05,Sastasundar Ventures Ltd,147.5,5.91,35.88,11.04,12.2,118.0,14.49
2010-10-06,Eros International Media Ltd,350.0,25.79,73.4,11.95,26.51,175.0,21.91
2010-10-08,Ramky Infrastructure Ltd,530.0,4.52,1.45,0.99,2.89,450.0,0.0
2010-10-08,ESL Steel Ltd,248.07,5.86,28.58,6.19,8.23,11.0,12.27
2010-10-08,Orient Green Power Company Ltd,900.0,2.09,0.64,0.18,1.07,47.0,-2.77
2010-10-12,Tecpro Systems Ltd,267.91,27.99,62.48,9.07,24.47,355.0,12.51
2010-10-13,Va Tech Wabag Ltd,472.59,36.13,100.98,8.55,36.22,1310.0,26.34
2010-10-14,Bedmutha Industries Ltd,91.8,0.67,29.19,8.51,7.69,102.0,12.16
2010-10-14,Ashoka Buildcon Ltd,225.0,25.52,13.91,3.46,15.94,324.0,2.95
2010-10-14,Sea TV Network Ltd,50.2,1.66,40.94,7.45,9.58,100.0,20.0
2010-10-18,Jupiter Wagons Ltd,172.41,3.68,0.34,0.38,2.07,127.0,-3.31
2010-10-20,Oberoi Realty Ltd,1028.61,22.15,3.61,0.94,12.13,260.0,7.69
2010-10-27,BS Ltd,190.45,0.52,3.16,1.04,1.1,248.0,1.21
2010-10-27,Prestige Estates Projects Ltd,1200.0,4.32,0.24,0.08,2.26,183.0,3.83
2010-11-04,Coal India Ltd,15199.4,24.7,25.4,2.31,15.28,245.0,17.45
2010-11-16,Gravita India Ltd,45.0,6.04,182.52,37.34,42.88,125.0,75.0
2010-11-25,Power Grid Corporation of India Ltd,7442.34,115.9,40.34,6.77,64.82,90.0,5.56
2010-12-06,RPP Infra Projects Ltd,48.75,0.16,7.27,5.6,2.97,75.0,0.0
2010-12-15,MOIL Ltd,1237.51,49.16,143.3,32.86,56.43,375.0,46.93
2010-12-20,Claris Lifescience Ltd,300.0,1.31,2.03,1.6,1.5,228.0,-1.58
2010-12-23,A2Z Infra Engineering Ltd,776.25,0.68,3.12,0.33,0.96,400.0,-2.5
2010-12-27,Ravikumar Distilleries Ltd,73.6,0.15,7.31,3.01,2.22,64.0,0.0
2010-12-30,Punjab & Sind Bank,480.0,49.8,85.84,44.45,50.75,120.0,21.75
2011-01-20,C Mahendra Exports Ltd,165.0,1.02,3.92,4.82,2.78,110.0,0.91
2011-01-27,Midvalley Entertainment & Hospitality Ltd,60.0,0.35,4.68,9.01,4.03,70.0,4.29
2011-02-02,Tata Steel Ltd,3477.0,10.41,7.21,1.6,6.03,610.0,3.3
2011-02-10,Omkar Speciality Chemicals Ltd,79.38,0.82,5.27,9.9,4.67,98.0,-3.06
2011-03-10,AcroPetal Technologies Ltd,170.0,1.12,2.0,1.21,1.28,90.0,44.44
2011-03-11,Fineotex Chemical Ltd,29.48,0.0,0.22,4.38,1.57,70.0,14.29
2011-03-11,Sudar Industries Ltd,69.98,0.17,4.47,2.28,1.55,77.0,-3.9
2011-03-24,Lovable Lingerie Ltd,93.28,21.87,99.87,20.84,35.21,205.0,27.56
2011-03-30,PTC India Financial Services Ltd,433.28,2.85,0.22,1.18,1.7,28.0,0.0
2011-04-08,Shilpi Cable Technologies Ltd,55.88,1.04,6.39,5.74,3.48,69.0,13.55
2011-05-06,Muthoot Finance Ltd,901.25,25.01,60.94,8.5,24.55,175.0,2.86
2011-05-09,Paramount Printpac Ltd,45.83,0.33,3.28,9.31,3.92,35.0,0.0
2011-05-10,Future Consumer Ltd,750.0,0.26,7.81,0.61,1.52,10.0,-5.0
2011-05-12,Servalakshmi Paper Ltd,60.0,0.34,4.21,1.9,1.47,29.0,3.45
2011-05-13,Innoventive Industries Ltd,217.41,0.85,1.94,1.48,1.24,117.0,-5.98
2011-05-23,BF Industrial & Technologies Ltd,36.9,0.0,1.82,2.93,1.3,85.0,0.0
2011-05-27,Dr. Datsons Labs Ltd,117.0,0.14,2.65,1.84,1.11,234.0,-1.94
2011-05-27,Power Finance Corporation Ltd,4578.2,6.92,1.2,2.0,4.34,203.0,-2.66
2011-06-14,VMS Industries Ltd,25.75,0.0,1.11,3.41,1.36,40.0,9.88
2011-06-22,Timbor Home Ltd,23.25,0.65,3.22,14.22,5.78,63.0,14.29
2011-07-07,Rushil Decor Ltd,40.64,0.23,1.35,6.57,2.62,72.0,12.85
2011-07-07,Birla Pacific Medspa Ltd,65.18,1.04,0.17,1.82,1.18,10.0,1.0
2011-07-13,Kridhan Infra Ltd,34.75,0.03,1.37,4.18,1.68,108.0,6.48
2011-07-28,Bharatiya Global Infomedia Ltd,55.1,0.0,1.94,5.06,2.06,82.0,2.44
2011-08-04,Inventure Growth & Securities Ltd,81.9,0.25,9.49,8.66,4.58,117.0,1.71
2011-08-12,L&T Finance Holdings Ltd,1245.0,1.93,6.18,9.61,5.34,52.0,-1.92
2011-08-26,Tree House Education & Accessories Ltd,112.06,1.02,1.68,2.76,1.85,135.0,-1.63
2011-09-05,Brooks Laboratories Ltd,63.0,0.0,2.82,3.36,1.6,100.0,10.0
2011-09-08,TD Power Systems Ltd,227.0,6.52,0.38,0.38,2.92,256.0,-1.72
2011-09-16,SRS Ltd,203.0,0.75,5.11,0.32,1.25,58.0,-5.17
2011-09-26,PG Electroplast Ltd,120.65,0.98,1.84,1.64,1.34,210.0,-4.76
2011-10-04,Setubandhan Infrastructure Ltd,60.0,0.31,2.76,4.68,2.21,138.0,5.07
2011-10-07,RDB Rasayans Ltd,35.55,0.0,0.75,3.96,1.5,79.0,7.59
2011-10-17,Onelife Capital Advisors Ltd,36.85,1.02,0.93,2.5,1.53,110.0,4.55
2011-10-19,Flexituff Ventures International Ltd,104.63,0.51,2.35,1.6,1.17,155.0,0.0
2011-10-19,Taksheel Solutions Ltd,82.5,0.24,4.7,6.18,2.99,150.0,4.93
2011-10-24,Vaswani Industries Ltd,49.0,0.16,11.29,6.83,4.16,49.0,-31.73
2012-03-09,Multi Commodity Exchange of India Ltd,663.31,49.12,150.35,24.14,54.13,1032.0,34.4
2012-03-28,Olympic Cards Ltd,24.75,0.0,3.44,1.36,0.99,30.0,-0.17
2012-04-12,NBCC (India) Ltd,124.97,7.07,1.7,3.4,4.93,106.0,-5.66
2012-04-12,MT Educare Ltd,99.0,6.01,8.0,2.17,4.8,80.0,7.56
2012-05-30,Speciality Restaurants Ltd,176.09,4.68,2.19,0.55,2.54,150.0,2.0
2012-07-18,VKS Projects Ltd,55.0,1.15,0.38,1.13,1.03,55.0,1.45
2012-12-06,Tara Jewels Ltd,179.5,1.49,3.1,2.05,1.98,230.0,5.22
2012-12-26,CARE Ratings Ltd,539.98,45.8,110.96,6.18,40.98,750.0,26.53
2012-12-27,PC Jeweller Ltd,601.31,7.33,18.12,1.68,6.85,135.0,0.37
2012-12-28,Indus Towers Ltd,4172.76,2.84,0.29,0.19,1.3,220.0,-9.09
2013-02-20,V-Mart Retail Ltd,94.42,1.52,1.39,0.79,1.2,210.0,2.86
2013-04-01,Repco Home Finance Ltd,270.23,3.39,0.35,0.51,1.65,172.0,-4.07
2013-06-05,Just Dial Ltd,919.14,10.12,22.34,3.53,11.63,530.0,11.32
2013-12-19,Power Grid Corporation of India Ltd,6958.64,115.9,40.34,6.77,64.82,90.0,7.89
2014-09-12,Snowman Logistics Ltd,197.4,16.98,221.79,41.26,59.75,47.0,59.57
2014-09-23,Sharda Cropchem Ltd,351.86,32.06,251.35,5.85,59.97,156.0,62.88
2014-10-01,Shemaroo Entertainment Ltd,120.0,5.69,8.64,7.79,7.39,170.0,5.88
2014-12-19,Monte Carlo Fashions Ltd,350.43,13.96,1.71,6.96,7.83,645.0,-9.3
2015-03-19,Ortel Communications Ltd,174.71,1.01,0.09,0.39,0.75,181.0,0.0
2015-04-06,Imagicaaworld Entertainment Ltd,374.59,1.17,0.7,1.37,1.11,180.0,-6.69
2015-04-09,Inox Wind Ltd,1020.53,35.68,35.38,2.15,18.6,325.0,23.08
2015-04-30,VRL Logistics Ltd,467.88,58.22,250.86,7.92,74.26,205.0,40.49
2015-05-14,UFO Moviez India Ltd,600.0,4.49,1.17,1.02,2.04,625.0,-4.0
2015-05-26,PNC Infratech Ltd,488.44,4.51,0.65,0.28,1.56,378.0,0.79
2015-07-09,Manpasand Beverages Ltd,400.0,1.98,0.38,1.16,1.4,320.0,-9.06
2015-08-11,Syngene International Ltd,550.0,51.47,90.24,4.78,32.05,250.0,18.0
2015-08-26,Power Mech Projects Ltd,273.22,27.53,133.22,3.42,38.12,640.0,-6.25
2015-09-09,Navkar Corporation Ltd,600.0,6.47,0.9,1.62,2.85,155.0,-1.94
2015-09-10,Pennar Engineered Building Systems Ltd,156.19,2.2,1.44,0.41,1.15,178.0,-15.73
2015-09-16,Sadbhav Infrastructure Project Ltd,491.66,3.04,1.66,1.68,2.24,103.0,7.52
2015-09-21,Madhyam Agrivet Industries Ltd,362.57,0.88,1.42,0.34,0.77,115.0,0.0
2015-11-16,S H Kelkar & Company Ltd,508.17,4.68,1.14,0.47,1.84,180.0,23.33
2015-12-23,Alkem Laboratories Ltd,1347.76,57.19,129.96,3.17,44.29,1050.0,31.43
2016-01-06,Narayana Hrudayalaya Ltd,613.08,24.43,3.62,1.89,8.7,250.0,16.4
2016-02-08,Precision Camshafts Ltd,410.19,2.62,0.73,2.01,1.91,186.0,-12.31
2016-02-12,Team Lease Services Ltd,423.68,26.97,185.24,10.62,66.02,850.0,1.18
2016-02-18,Quick Heal Technologies Ltd,451.25,4.34,36.69,3.82,10.8,321.0,-5.0
2016-03-30,Healthcare Global Enterprises Ltd,649.64,2.36,0.43,0.83,1.56,218.0,-3.76
2016-04-01,Bharat Wire Ropes Ltd,70.0,1.01,2.02,2.08,1.21,45.0,5.22
2016-04-04,Infibeam Avenues Ltd,450.0,0.86,2.23,1.31,1.11,432.0,6.02
2016-05-09,Thyrocare Technologies Ltd,479.21,73.18,225.3,8.73,73.55,446.0,48.43
2016-05-10,Ujjivan Financial Services Ltd,882.5,33.84,135.45,4.02,40.68,210.0,8.1
2016-07-01,Mahanagar Gas Ltd,1038.88,72.84,191.61,6.82,64.54,421.0,28.27
2016-07-12,Quess Corp Ltd,400.0,59.03,392.21,34.08,144.5,317.0,57.41
2016-07-21,LTIMindtree Ltd,1236.38,19.91,10.76,7.39,11.69,710.0,-6.11
2016-08-01,Advanced Enzyme Technologies Ltd,411.49,94.03,393.1,11.67,116.02,896.0,35.04
2016-08-11,Dilip Buildcon Ltd,653.98,9.76,79.64,2.35,20.95,219.0,9.59
2016-08-31,RBL Bank Ltd,1212.97,85.08,198.06,5.7,69.62,225.0,21.64
2016-09-23,L&T Technology Services Ltd,894.4,5.01,1.03,1.75,2.53,860.0,4.65
2016-09-26,GNA Axles Ltd,130.41,17.18,217.47,11.84,54.88,207.0,20.05
2016-09-29,ICICI Prudential Life Insurance Company Ltd,6056.79,11.83,28.55,1.42,10.48,334.0,-1.5
2016-10-04,HPL Electric & Power Ltd,361.0,5.77,22.2,3.31,8.06,202.0,-5.92
2016-10-19,Endurance Technologies Ltd,1161.73,53.43,127.07,2.69,43.84,472.0,20.76
2016-11-08,Varun Beverages Ltd,1112.5,4.94,0.42,0.82,1.86,445.0,-3.37
2016-12-09,Sheela Foam Ltd,510.0,14.51,3.35,0.44,5.09,730.0,17.81
2016-12-19,Laurus Labs Ltd,1330.51,10.54,3.58,1.67,4.57,428.0,14.49
2017-02-03,BSE Ltd (Bombay Stock Exchange),1243.43,48.64,159.03,6.48,51.22,806.0,34.62
2017-03-17,Music Broadcast Ltd,488.53,39.78,109.13,9.85,39.67,333.0,26.13
2017-03-21,Avenue Supermarts Ltd (DMart),1870.0,144.62,277.74,7.51,104.59,299.0,102.14
2017-03-31,CL Educate Ltd,238.95,3.65,0.21,1.63,1.9,502.0,-20.72
2017-04-05,Shankara Building Products Ltd,345.0,51.62,90.68,15.35,41.88,460.0,18.48
2017-05-18,IRB InvIT Fund,5032.88,10.81,5.89,0.0,8.57,102.0,1.23
2017-05-19,Housing & Urban Development Corporation Ltd,1209.78,55.45,330.36,10.79,79.53,60.0,22.42
2017-06-06,IndiGrid Infrastructure Fund,2249.96,1.14,1.6,0.0,1.35,100.0,0.0
2017-06-29,ERIS Lifesciences Ltd,1741.16,4.68,0.45,3.51,3.29,603.0,1.49
2017-06-30,Central Depository Services Ltd,523.99,148.71,563.03,23.83,170.16,149.0,67.79
2017-07-04,GTPL Hathway Ltd,484.8,1.48,2.85,0.99,1.53,170.0,0.0
2017-07-25,Salasar Techno Engineering Ltd,35.87,0.0,2.59,19.42,11.01,108.0,139.95
2017-08-10,SIS Ltd,779.58,5.64,1.66,19.51,7.07,815.0,7.36
2017-08-11,Cochin Shipyard Ltd,1442.01,63.52,288.87,8.51,76.19,432.0,0.69
2017-09-04,Apex Frozen Foods Ltd,152.25,1.91,7.82,8.53,6.14,175.0,14.23
2017-09-18,Bharat Road Network Ltd,600.65,1.33,1.63,5.69,1.81,205.0,-0.05
2017-09-18,Dixon Technologies (India) Ltd,599.28,134.66,345.61,10.6,117.83,1766.0,54.3
2017-09-21,Matrimony.com Ltd,496.88,1.88,0.41,18.16,4.44,985.0,0.0
2017-09-25,Capacit'e Infraprojects Ltd,400.0,131.32,638.05,17.57,183.03,250.0,59.6
2017-09-27,ICICI Lombard General Insurance Company Ltd,5700.94,8.17,0.83,1.23,2.98,661.0,-1.66
2017-10-03,SBI Life Insurance Company Ltd,8386.4,12.56,0.7,0.85,3.58,700.0,4.76
2017-10-05,Prataap Snacks Ltd,481.56,76.89,101.15,8.48,47.39,938.0,33.26
2017-10-18,MAS Financial Services Ltd,460.04,148.33,378.53,15.97,128.39,459.0,43.79
2017-10-23,Indian Energy Exchange Ltd,1000.73,2.56,0.85,2.61,2.28,1650.0,-9.09
2017-10-25,General Insurance Corporation of India Ltd,11175.8,2.25,0.22,0.63,1.38,912.0,-6.8
2017-11-06,Nippon Life India Asset Management Ltd,1542.24,118.4,209.44,5.65,81.54,252.0,16.67
2017-11-10,Mahindra Logistics Ltd,828.88,15.6,2.07,6.1,7.9,429.0,0.7
2017-11-13,New India Assurance Company Ltd,9466.98,2.34,0.12,0.11,1.19,800.0,-6.39
2017-11-14,Khadim India Ltd,543.06,2.44,0.18,2.33,1.9,750.0,-3.07
2017-11-17,HDFC Life Insurance Company Ltd,8695.0,16.6,2.29,0.94,4.9,290.0,7.24
2017-12-15,Shalby Ltd,504.8,4.34,0.42,2.98,2.82,248.0,-4.44
2017-12-18,Future Supply Chain Solutions Ltd,649.7,12.36,11.15,3.28,7.56,664.0,1.51
2018-01-22,Apollo Micro Systems Ltd,156.0,101.93,958.07,40.19,248.51,275.0,73.82
2018-01-29,Newgen Software Technologies Ltd,424.62,15.62,5.52,5.18,8.25,245.0,3.27
2018-01-30,Amber Enterprises India Ltd,599.57,174.99,519.26,11.65,165.42,859.0,37.37
2018-02-08,Galaxy Surfactants Ltd,937.09,54.27,6.96,6.01,20.0,1480.0,2.7
2018-02-26,Aster DM Healthcare Ltd,980.14,2.1,0.55,1.18,1.31,190.0,-4.16
2018-03-09,H.G. Infra Engineering Ltd,462.0,8.37,4.97,3.08,4.98,270.0,0.0
2018-03-23,Bharat Dynamics Ltd,952.79,1.5,0.5,1.41,1.3,428.0,-15.89
2018-03-27,Bandhan Bank Ltd,4473.02,38.67,13.89,1.2,14.63,375.0,29.33
2018-03-28,Hindustan Aeronautics Ltd (HAL),4113.13,1.73,0.03,0.39,0.99,1215.0,-3.79
2018-04-02,Sandhar Technologies Ltd,512.48,14.49,6.39,1.42,6.19,332.0,3.92
2018-04-04,Mishra Dhatu Nigam Ltd (MIDHANI),435.02,1.96,0.13,0.72,1.21,90.0,-3.33
2018-04-09,Lemon Tree Hotels Ltd,1038.68,3.89,0.12,0.12,1.19,56.0,10.0
2018-05-21,Indostar Capital Finance Ltd,1844.0,16.08,6.91,1.48,6.8,572.0,4.9
2018-07-02,Rites Ltd,460.51,71.72,194.56,15.74,67.24,185.0,2.7
2018-07-30,TCNS Clothing Co. Ltd,1125.13,13.47,5.08,0.67,5.27,716.0,-0.14
2018-08-06,HDFC Asset Management Company Ltd,2800.33,192.26,195.15,6.73,83.06,1100.0,58.09
2018-09-28,Ircon International Ltd,466.94,12.29,4.92,10.07,9.9,475.0,-13.62
2018-10-08,AAVAS Financiers Ltd,1640.32,2.77,0.26,0.25,0.97,821.0,-7.67
2018-10-10,Garden Reach Shipbuilders & Engineers Ltd,343.59,1.81,0.31,0.24,1.02,118.0,-11.86
2019-02-04,Xelpmoc Design and Technologies Ltd,23.0,1.24,7.69,2.64,3.25,66.0,-15.15
2019-02-07,Chalet Hotels Ltd,1641.18,4.66,1.1,0.03,1.57,280.0,3.93
2019-03-29,MSTC Ltd,211.04,0.29,1.71,2.18,0.7,120.0,-7.5
2019-04-01,Embassy Office Parks REIT,4750.0,2.15,3.09,0.0,2.57,300.0,0.0
2019-04-11,Rail Vikas Nigam Ltd,477.11,1.36,0.8,2.93,1.83,19.0,0.0
2019-04-15,Metropolis Healthcare Ltd,1204.29,8.88,3.03,2.21,5.84,880.0,9.09
2019-05-08,Neogen Chemicals Ltd,132.35,30.49,113.88,16.06,41.18,215.0,16.74
2019-07-04,Indiamart Intermesh Ltd,475.59,14.92,15.78,3.03,12.95,973.0,21.27
2019-08-08,Affle (India) Ltd,459.0,55.31,198.69,10.96,86.49,745.0,24.82
2019-08-19,Spandana Sphoorty Financial Ltd,1189.85,3.11,0.55,0.09,1.05,856.0,-3.74
2019-08-20,Sterling and Wilson Solar Ltd,2849.64,1.02,0.89,0.3,0.85,780.0,-10.26
2019-10-14,Indian Railway Catering and Tourism Corporation Ltd,637.97,108.79,354.52,14.94,111.95,320.0,101.25
2019-10-15,Vishwaraj Sugar Industries Ltd,60.0,1.0,1.76,0.64,1.12,60.0,2.0
2019-12-04,CSB Bank Ltd,409.68,62.18,164.68,44.53,86.93,195.0,41.03
2020-03-16,SBI Cards & Payment Services Ltd,10340.8,57.18,45.23,2.5,26.54,755.0,-12.85
2020-07-23,Rossari Biotech Ltd,496.25,85.26,239.83,7.23,79.37,425.0,57.65
2020-07-27,Yes Bank Ltd,15000.0,1.9,0.63,0.47,0.93,12.0,2.5
2020-08-07,Mindspace Business Parks REIT,4500.0,,,,,275.0,10.55
2020-09-17,Happiest Minds Technologies Ltd,702.02,77.43,351.46,70.94,150.98,166.0,111.45
2020-09-21,Route Mobile Ltd,600.0,89.76,192.81,12.67,73.3,350.0,102.29
2020-10-01,Chemcon Speciality Chemicals Ltd,318.0,113.54,449.14,41.21,149.33,340.0,114.99
2020-10-01,Computer Age Management Services Ltd,2242.11,73.18,111.85,5.55,46.99,1230.0,23.41
2020-10-05,Angel One Ltd,600.0,3.07,0.11,1.83,1.81,306.0,-10.13
2020-10-12,Mazagon Dock Shipbuilders Ltd,443.69,89.71,678.88,35.63,157.41,145.0,49.14
2020-10-12,UTI Asset Management Company Ltd,2159.88,3.34,0.93,2.32,2.31,554.0,-11.51
2020-11-02,Equitas Small Finance Bank Ltd,517.6,3.91,0.22,2.08,1.95,33.0,-6.06
2020-11-20,Gland Pharma Ltd,6479.55,6.4,0.51,0.24,2.06,1500.0,13.4
2020-12-14,Restaurant Brands Asia Ltd,810.0,86.64,354.11,68.15,156.65,60.0,92.25
2020-12-24,Mrs Bectors Food Specialities Ltd,540.54,176.85,620.86,29.33,198.02,288.0,73.96
2021-01-01,Antony Waste Handling Cell Ltd,299.99,0.89,0.26,0.37,0.49,315.0,36.51
2021-01-29,Indian Railway Finance Corporation Limited,4633.38,3.78,2.67,3.66,3.49,26.0,-3.85
2021-02-02,Indigo Paints Limited,1169.12,189.57,263.05,15.93,117.02,1490.0,75.0
2021-02-03,Home First Finance Company India Limited,1153.72,52.53,39.0,6.59,26.66,518.0,18.18
2021-02-05,Stove Kraft Limited,412.63,8.02,32.72,26.04,18.03,385.0,21.3
2021-02-16,Brookfield India Real Estate Trust,3800.0,4.78,11.74,0.0,7.94,275.0,0.02
2021-02-25,Nureca Limited,100.0,3.1,31.59,166.65,39.93,400.0,58.74
2021-02-26,Railtel Corporation of India Limited,819.24,65.14,73.25,16.78,42.39,94.0,11.28
2021-03-05,Heranba Industries Limited,625.24,67.45,271.15,11.84,83.29,627.0,43.54
2021-03-19,Easy Trip Planners Limited,510.0,77.53,382.21,70.4,159.33,187.0,10.16
2021-03-24,Anupam Rasayan India Limited,760.0,65.74,97.42,10.77,44.06,555.0,-3.66
2021-03-26,Suryoday Small Finance Bank Limited,580.84,2.18,1.31,3.09,2.37,305.0,-3.93
2021-03-26,Kalyan Jewellers India Limited,1174.82,2.76,1.91,2.82,2.61,87.0,-15.06
2021-03-30,Nazara Technologies Limited,582.69,103.77,389.89,75.29,175.46,1101.0,79.02
2021-04-07,Barbeque Nation Hospitality Limited,452.87,5.11,3.1,13.13,5.98,500.0,-1.6
2021-04-19,Macrotech Developers Limited (Lodha Group),2500.0,3.05,1.44,0.4,1.36,486.0,-9.67
2021-06-24,Shyam Metalics and Energy Limited,908.55,155.71,339.98,11.58,121.4,306.0,19.93
2021-06-24,Sona BLW Precision Forgings Limited,5550.0,3.46,0.39,1.57,2.28,291.0,3.92
2021-06-28,Krishna Institute of Medical Sciences Limited,2143.74,5.26,1.89,2.9,3.86,825.0,22.29
2021-07-05,India Pesticides Limited,800.0,42.95,51.88,11.3,29.04,296.0,21.62
2021-07-19,Clean Science and Technology Limited,1546.62,70.31,110.28,5.71,46.57,900.0,98.27
2021-07-19,G R Infraprojects Limited,962.33,75.4,165.03,7.69,59.1,837.0,103.11
2021-07-29,Tatva Chintan Pharma Chem Limited,500.0,185.23,512.22,35.35,180.36,1083.0,95.0
2021-08-06,Alivus Life Sciences Limited,1513.6,36.97,122.54,14.63,44.17,720.0,4.32
2021-08-09,Rolex Rings Limited,731.1,143.58,360.11,24.49,130.44,900.0,38.78
2021-08-16,Windlas Biotech Limited,401.54,24.4,15.73,24.27,22.47,460.0,-4.57
2021-08-16,Krsnaa Diagnostics Limited,1213.34,49.83,116.3,42.04,64.4,954.0,7.44
2021-08-16,Exxaro Tiles Limited,160.77,17.67,5.36,40.1,22.68,120.0,5.0
2021-08-20,CarTrade Tech Limited,2998.51,35.45,41.0,2.75,20.29,1618.0,-1.11
2021-08-23,Nuvoco Vistas Corporation Limited,5000.0,4.23,0.66,0.73,1.71,570.0,-17.37
2021-08-24,Aptus Value Housing Finance India Limited,2780.05,32.41,33.91,1.35,17.2,353.0,-6.53
2021-09-24,Sansera Engineering Limited,1282.52,0.29,0.07,0.87,0.53,744.0,9.05
2021-10-01,Paras Defence and Space Technologies Limited,170.78,169.65,927.7,112.81,304.26,175.0,171.43
2021-10-11,Aditya Birla Sun Life AMC Limited,2768.26,10.36,4.39,3.24,5.24,712.0,0.0
2021-11-10,FSN E Commerce Ventures Limited (Nykaa),5349.72,91.18,112.02,12.24,81.78,1125.0,77.87
2021-11-12,Fino Payments Bank Limited,1200.29,1.65,0.21,5.92,2.03,577.0,-5.03
2021-11-15,S.J.S Enterprises Limited,800.0,1.42,2.32,1.38,1.59,542.0,-0.37
2021-11-15,PB Fintech,5709.72,24.89,7.82,3.31,16.59,980.0,17.35
2021-11-15,Sigachi Industries Limited,125.43,86.51,172.43,80.49,101.91,163.0,252.76
2021-11-23,Latent View Analytics,600.0,145.48,850.66,119.44,326.49,197.0,169.04
2021-11-26,Tarsons Products,1023.47,115.77,184.58,10.56,77.49,662.0,5.74
2021-11-30,Go Fashion (India) Limited,1013.61,100.73,262.08,49.7,135.46,690.0,90.72
2021-12-10,Star Health and Allied Insurance Company Limited,6400.44,1.03,0.19,1.1,0.79,900.0,-5.69
2021-12-13,Tega Industries Limited,619.23,215.45,666.19,29.44,219.04,453.0,66.23
2021-12-14,Anand Rathi Wealth Limited,659.38,2.5,25.42,7.76,9.78,550.0,9.46
2021-12-17,Rategain Travel Technologies Limited,1335.74,8.42,42.04,8.08,17.41,425.0,-14.16
2021-12-20,Shriram Properties Limited,600.0,1.85,4.82,12.72,4.6,118.0,-20.34
2021-12-21,C.E. Info Systems Limited (MapmyIndia),1039.61,196.36,424.69,15.2,154.71,1033.0,53.05
2021-12-23,MedPlus Health Services Limited,1398.3,111.9,85.33,5.24,52.59,796.0,27.51
2021-12-24,Data Patterns (India) Limited,588.22,190.86,254.22,23.14,119.62,585.0,47.69
2021-12-27,HP Adhesives Limited,125.96,1.82,19.04,81.24,20.96,274.0,16.42
2021-12-28,Supriya Lifescience Limited,700.0,31.83,161.22,56.01,71.51,274.0,55.11
2021-12-31,CMS Info Systems Limited,1100.0,1.98,1.45,2.15,1.95,216.0,1.16
2022-01-31,AGS Transact Technologies Limited,680.0,2.68,25.61,3.08,7.79,175.0,0.57
2022-02-16,Vedant Fashions Limited,3149.19,7.49,1.07,0.39,2.57,866.0,8.08
2022-04-07,Uma Exports Limited,60.0,2.81,0.94,6.28,4.64,68.0,17.65
2022-04-08,Patanjali Foods Limited (formerly Ruchi Soya Industries Limited),4300.0,2.2,11.75,0.9,3.6,650.0,30.77
2022-04-11,Veranda Learning Solutions Limited,200.0,2.02,2.09,5.68,2.24,137.0,14.6
2022-04-13,Hariom Pipe Industries Limited,130.05,1.91,2.68,6.92,3.57,153.0,39.87
2022-05-09,Campus Activewear (India) Limited,1399.6,152.04,10.68,4.73,28.55,292.0,21.58
2022-05-20,Prudent Corporate Advisory Services Limited,537.94,1.26,0.74,0.61,0.81,630.0,4.76
2022-05-24,Venus Pipes & Tubes Limited,165.42,12.02,6.59,11.12,8.69,326.0,2.76
2022-05-24,Delhivery Limited,5235.0,2.66,0.27,0.31,0.39,487.0,1.23
2022-05-27,Paradeep Phosphates Limited,1501.73,3.01,0.32,0.8,0.83,42.0,3.69
2022-05-30,Ethos Limited,402.26,1.06,0.76,0.32,0.61,878.0,-5.47
2022-06-01,eMudhra Ltd,412.79,4.05,1.28,2.61,2.72,256.0,5.86
2022-06-03,Aether Industries,808.04,17.57,1.33,0.59,2.91,642.0,9.99
2022-08-26,Syrma SGS Technologies,840.13,87.56,7.13,2.84,15.59,220.0,19.09
2022-09-06,Dreamfolks Services,562.1,70.53,37.66,43.66,56.68,326.0,54.91
2022-09-15,Tamilnad Mercantile,807.84,1.62,2.94,6.48,2.86,510.0,0.0
2022-10-17,Electronics Mart India,500.0,169.54,63.59,19.72,71.93,59.0,51.53
2022-10-20,Tracxn Technologies,309.38,1.66,0.23,2.39,0.71,80.0,3.75
2022-11-11,DCX Systems Ltd,500.0,84.32,43.97,61.77,69.79,207.0,38.29
2022-11-15,Fusion Finance Ltd,1103.99,8.59,1.38,0.51,2.95,368.0,-2.04
2022-11-16,Bikaji Foods International Limited,880.85,80.63,7.1,4.77,26.67,300.0,7.05
2022-11-16,Global Health Limited,2205.57,28.64,4.02,0.88,9.58,336.0,18.5
2022-11-21,Archean Chemical Industries Limited,1462.31,48.91,14.9,9.96,32.23,407.0,10.32
2022-11-22,Kaynes Technology India Limited,857.82,98.47,21.21,4.1,34.16,587.0,32.03
2022-11-23,Inox Green Energy Limited,740.0,1.05,0.47,4.7,1.55,65.0,-6.92
2022-12-08,Dharmaj Crop Guard Limited,251.09,48.21,52.29,21.53,35.49,237.0,12.24
2022-12-12,Uniparts India Limited,835.61,67.14,17.86,4.63,25.32,577.0,-0.35
2022-12-23,Landmark Cars Limited,552.0,8.71,1.32,0.59,3.06,506.0,-6.86
2022-12-23,Abans Financial Services Limited,345.6,4.1,1.48,0.4,1.1,270.0,0.0
2022-12-29,KFin Technologies Limited,1500.0,4.17,0.23,1.36,2.59,366.0,0.82
2022-12-30,Elin Electronics Limited,475.0,4.51,3.29,2.2,3.09,247.0,-1.62
2023-01-04,Radiant Cash Management Services Limited,256.64,1.01,0.66,0.21,0.53,94.0,5.64
2023-01-12,Sah Polymers Limited,66.3,2.4,32.69,39.78,17.46,65.0,30.77
2023-03-14,Divgi Torqtransfer Systems Limited,412.12,7.83,1.4,4.31,5.44,590.0,1.69
2023-04-03,Udayshivakumar Infosolutions Limited,66.0,40.47,60.42,14.1,30.63,35.0,0.0
2023-04-18,Avalon Technologies Limited,865.0,3.57,0.41,0.84,2.21,436.0,-1.15
2023-05-09,Mankind Pharma Limited,4326.36,49.16,3.8,0.92,15.32,1080.0,20.37
2023-05-19,Nexus Select Trust,3200.0,0.0,0.0,0.0,3.61,100.0,2.27
2023-07-04,HMA Agro Industries Limited,480.0,1.74,2.97,0.96,1.62,585.0,5.13
2023-07-07,Ideaforge Technologies Limited,567.25,125.81,80.58,85.2,106.06,672.0,94.21
2023-07-10,Cyient DLM Limited,592.0,90.44,45.05,49.22,67.31,265.0,51.32
2023-07-14,Senco Gold Limited,405.0,180.94,64.99,15.46,73.35,317.0,35.96
2023-07-27,Netweb Technologies India Limited,631.0,228.91,81.81,19.15,90.36,500.0,88.5
2023-08-16,SBFC Finance Limited,1025.0,192.9,49.09,10.99,70.16,57.0,43.84
2023-08-23,TVS Supply Chain Solutions Limited,880.0,1.35,2.35,7.61,2.78,197.0,4.72
2023-08-29,Pyramid Technoplast Limited,153.05,9.94,32.24,14.72,18.29,166.0,11.45
2023-08-31,Aeroflex Industries Limited,351.0,194.73,126.13,34.41,97.11,108.0,82.78
2023-09-05,Vishnu Prakash R P Limited,308.61,171.69,111.03,32.02,87.82,99.0,64.95
2023-09-11,Ratnaveer Precision Limited,165.03,133.05,135.21,54.01,93.99,98.0,30.61
2023-09-18,Jupiter Life Line Limited,869.08,187.32,34.75,7.73,63.72,735.0,30.61
2023-09-20,R R Kabel Limited,1964.01,52.26,13.23,2.13,18.69,1035.0,13.91
2023-09-22,Zaggle Prepaid Ocean Limited,563.38,16.73,8.85,5.94,12.57,164.0,-1.22
2023-09-22,Samhi Hotels Limited,1370.1,8.82,1.22,1.11,5.33,126.0,3.61
2023-09-27,Sai Silks (Kalamandir) Limited,1201.0,12.35,2.47,0.88,4.4,222.0,3.65
2023-09-27,Signature Global India Limited,730.0,12.71,13.54,6.82,11.88,385.0,15.58
2023-09-28,Yatra Online Limited,775.0,2.05,0.42,2.11,1.61,142.0,-8.45
2023-10-03,JSW Infrastructure Limited,2800.0,57.09,15.99,10.32,37.37,119.0,20.17
2023-10-04,Updater Services Limited,640.0,4.48,0.85,1.39,2.9,300.0,-0.03
2023-10-26,IRM Energy Limited,544.36,44.73,48.34,9.29,27.05,505.0,-5.15
2023-11-01,Blue Jet Healthcare Limited,840.27,13.72,13.59,2.24,7.95,346.0,4.02
2023-11-06,Cello World Limited,1900.0,108.57,24.42,3.06,38.9,648.0,28.24
2023-11-10,ESAF Small Finance Bank Limited,463.0,173.52,84.37,16.97,73.15,60.0,19.83
2023-11-13,Protean eGov Technologies Limited,489.95,46.94,31.62,8.93,23.86,792.0,0.0
2023-11-29,Indian Renewable Energy Development Agency Limited (IREDA),2150.21,104.57,24.16,7.73,38.8,32.0,56.25
2023-11-30,Fedbank Financial Services Limited,1092.26,3.51,1.45,1.82,2.2,140.0,-1.61
2023-11-30,Tata Technologies Limited,3042.51,203.41,62.11,16.5,69.43,500.0,139.99
2023-11-30,Gandhar Oil Refineries Limited,500.69,129.0,62.23,28.95,64.07,169.0,74.79
2023-12-20,Doms Industries Limited,1200.0,115.97,66.51,69.67,93.52,790.0,77.22
2023-12-21,Inox India Limited,1459.32,147.8,53.2,15.3,61.28,660.0,41.39
2023-12-26,Muthoot Microfin Limited,960.0,17.47,13.2,7.61,11.52,291.0,-4.47
2023-12-26,Suraj Estate Developers Limited,400.0,24.31,18.9,9.3,15.65,360.0,-4.5
2023-12-26,Motisons Jewellers Limited,151.09,157.4,233.91,122.28,159.61,55.0,88.91
2023-12-27,Happy Forgings Limited,1008.59,220.48,62.17,15.09,82.04,850.0,17.79
2023-12-27,RBZ Jewellers Limited,100.0,13.43,9.27,24.74,16.86,100.0,0.0
2023-12-27,Credo Brands Marketing Limited,549.78,104.95,55.52,19.94,51.85,280.0,0.71
2023-12-28,Azad Engineering Limited,740.0,179.66,87.61,23.79,80.65,524.0,35.5
2023-12-29,Innova Captab Limited,570.0,116.73,64.95,17.15,55.26,448.0,1.81
2024-01-16,Jyoti CNC Automation Limited,1000.0,44.13,36.48,26.17,38.53,331.0,12.39
2024-01-23,Medi Assist Healthcare Services Limited,1171.58,40.14,14.85,3.19,16.25,418.0,11.24
2024-02-06,BLS E-Services Limited,309.29,123.3,300.14,237.0,162.47,135.0,128.89
2024-02-12,Apeejay Surrendra Group (conglomerate),920.0,75.14,52.41,30.35,59.66,155.0,20.65
2024-02-14,Capital Small Finance Bank Limited,523.07,6.64,4.05,2.49,4.0,468.0,-7.05
2024-02-14,Rashi Peripherals Limited,600.0,143.66,62.75,10.44,59.71,311.0,7.72
2024-02-14,Jana Small Finance Bank Limited,570.0,38.75,25.05,5.46,18.5,414.0,-4.35
2024-02-16,Entero Healthcare Solutions Limited,1600.0,2.28,0.22,1.33,1.53,1258.0,-1.03
2024-02-20,Vibhor Steel Tubes Limited,72.17,178.73,721.34,188.17,298.86,151.0,178.81
2024-02-29,GPT Healthcare Ltd ,525.14,17.3,11.02,2.44,8.52,186.0,16.21
2024-03-05,Platinum Industries Ltd ,235.32,151.0,141.83,50.99,99.03,171.0,33.33
2024-03-05,Exicom Tele-Systems Ltd ,429.0,121.8,153.22,119.59,129.54,142.0,85.92
2024-03-12,Indus Infra Trust ,2499.99,8.92,6.93,0.0,8.01,100.0,1.0
2024-03-12,R K Swamy Ltd ,423.56,20.58,34.36,34.03,25.94,288.0,-12.5
2024-03-13,J.G.Chemicals Ltd ,251.19,32.09,46.33,17.44,27.78,221.0,-4.52
2024-03-19,Popular Vehicles & Services Ltd ,601.55,1.97,0.66,1.05,1.23,295.0,-1.02
2024-03-21,Krystal Integrated Services Ltd ,300.12,7.33,43.91,3.32,13.21,715.0,11.19
2024-04-03,SRM Contractors Ltd ,130.2,59.59,214.94,46.97,86.57,210.0,7.14
2024-04-12,Bharti Hexacom Ltd ,4275.0,48.57,10.52,2.83,29.88,570.0,32.49
2024-04-25,Vodafone Idea Ltd ,18000.0,17.56,4.13,0.92,6.36,11.0,9.09
2024-06-28,Stanley Lifestyles Limited,537.02,0.74,8.86,6.11,5.22,369.0,35.23
2024-07-02,Allied Blenders and Distillers Limited,1500.0,50.37,32.4,4.51,23.55,281.0,13.2
2024-07-03,Vraj Iron & Steel Limited,171.0,163.9,208.81,54.93,119.04,207.0,15.94
2024-07-10,Emcure Pharmaceuticals Limited,1952.03,195.83,48.32,7.21,67.87,1008.0,31.45
2024-07-10,Bansal Wire Industries Limited,745.0,146.05,51.46,13.64,59.57,256.0,37.52
2024-08-06,Akums Drugs and Pharmaceuticals Limited,1856.74,90.09,42.21,21.3,63.56,679.0,6.77
2024-08-09,Ola Electric Mobility Limited,6145.56,5.31,2.4,3.92,4.27,76.0,-0.01
2024-08-13,Brainbees Solutions Limited,4193.73,19.3,4.68,2.31,12.22,465.0,34.41
2024-09-04,Ecos (India) Mobility & Hospitality Limited,601.2,136.85,71.23,19.79,64.26,334.0,17.16
2024-09-16,Tolins Tyres Limited,230.0,25.42,27.41,21.52,23.89,226.0,0.44
2024-09-24,Northern ARC Capital Limited,777.0,240.79,142.41,31.08,110.91,263.0,33.46
2024-09-30,Manba Finance Limited,150.84,148.55,511.62,143.95,224.05,120.0,25.0
2024-10-04,Diffusion Engineers Limited,157.96,95.74,207.6,85.61,114.49,168.0,11.9
2024-10-15,Garuda Construction and Engineering Limited,264.1,1.24,9.03,10.81,7.55,95.0,8.63
2024-10-22,Hyundai Motor India Limited,27858.8,6.97,0.6,0.5,2.37,1960.0,-1.48
2024-10-28,Waaree Energies Limited,4321.44,208.63,62.49,10.79,76.34,1503.0,69.66
2024-10-30,Godavari Biorefineries Limited,554.75,2.76,0.9,1.71,1.83,352.0,-11.78
2024-11-04,Afcons Infrastructure Limited,5430.0,3.79,5.05,0.94,2.63,463.0,-7.12
2024-11-12,Sagility India Limited,2106.4,3.52,1.93,4.16,3.2,30.0,3.53
2024-11-13,Swiggy Limited,11327.4,6.02,0.41,1.14,3.59,390.0,5.64
2024-11-13,ACME Solar Holdings Limited,2900.0,3.54,0.97,3.1,2.75,289.0,-10.38
2024-11-14,Niva Bupa Health Insurance Company Limited,2200.0,2.06,0.68,2.73,1.8,74.0,6.08
2024-11-22,Zinka Logistics Solution Limited (BlackBuck),1114.72,2.76,0.24,1.66,1.86,273.0,2.22
2024-11-29,Enviro Infra Engineers Limited,650.3,157.05,153.8,24.48,89.9,148.0,47.3
2024-12-06,Suraksha Diagnostic Limited,846.25,1.74,1.41,0.95,1.27,441.0,-0.91
2024-12-18,One Mobikwik Systems Limited,572.0,119.5,108.95,134.67,119.38,279.0,58.51
2024-12-18,Vishal Mega Mart Limited,8000.0,80.75,14.25,2.31,27.28,78.0,41.03
2024-12-18,Sai Life Sciences Limited,3042.62,30.93,4.92,1.37,10.26,549.0,20.22
2024-12-19,Inventurus Knowledge Solutions Limited,2497.92,80.64,23.25,14.55,52.68,1329.0,39.65
2024-12-20,International Gemmological Institute (India) Limited,4225.0,45.8,24.84,11.21,33.78,417.0,21.07
2024-12-27,Mamata Machinery Limited,179.35,235.88,274.38,138.08,194.95,243.0,146.91
2024-12-27,Dam Capital Advisors Limited,840.25,166.33,98.62,27.13,82.08,283.0,38.83
2024-12-27,Concord Enviro Systems Limited,500.33,17.32,14.2,5.56,10.67,701.0,18.69
2024-12-27,Sanathan Textiles Limited,550.0,75.62,42.21,8.93,35.12,321.0,30.56
2024-12-27,Transrail Lighting Limited,838.91,201.06,76.41,22.07,80.8,432.0,35.45
2024-12-30,Ventive Hospitality Limited,1600.0,9.08,13.85,5.87,9.8,643.0,11.69
2024-12-30,Senores Pharmaceuticals Limited,582.11,94.66,96.11,89.23,93.41,391.0,51.84
2024-12-30,Carraro India Limited,1250.0,2.21,0.6,0.71,1.12,704.0,-6.25
2025-01-07,Indo Farm Equipment Limited,260.15,242.4,503.83,104.92,229.68,215.0,20.19
2025-01-13,Standard Glass Lining Technology Limited,410.05,331.6,268.5,64.99,183.18,140.0,25.71
2025-01-14,Quadrant Future Tek Limited,290.0,132.54,254.71,246.94,186.66,290.0,28.97
2025-01-17,Capital Infra Trust,1578.0,0.58,4.24,0.0,2.23,99.0,0.0
2025-01-20,Laxmi Dental Limited,698.06,110.38,147.95,76.24,114.42,428.0,23.36
2025-01-29,Denta Water & Infrastructure Limited,220.5,236.94,507.27,90.56,221.68,294.0,12.24
2025-02-04,Dr Agarwal's Healthcare Limited,3027.26,4.64,0.4,0.41,1.55,402.0,-1.27
2025-02-19,Hexaware Technologies Limited,8750.0,9.09,0.2,0.11,2.66,708.0,3.25
2025-02-24,Quality Power Electronics Limited,858.7,1.03,1.45,1.83,1.29,425.0,1.66
2025-05-06,Ather Energy Limited,2980.8,1.7,0.66,1.78,1.43,321.0,1.57
2025-05-27,Borana Weaves Limited,144.89,87.21,237.42,200.53,148.78,216.0,12.5
2025-05-28,Belrise Industries Limited,2150.0,108.35,38.33,4.27,41.3,90.0,9.44
2025-06-02,Aegis Vopak Terminals Limited,2800.0,3.3,0.56,0.77,2.09,235.0,-6.38
2025-06-02,Schloss Bangalore Limited,3500.0,7.46,1.02,0.83,4.5,435.0,-6.55
2025-06-03,Prostarm Info Systems Limited,168.0,104.49,222.14,39.49,97.2,105.0,19.05
2025-06-04,Scoda Tubes Limited,220.0,69.51,113.03,19.4,53.78,140.0,0.0
2025-06-20,Oswal Pumps Limited,1387.34,88.08,36.7,3.6,34.42,614.0,2.93
2025-06-25,Arisinfra Solutions Limited,499.6,1.42,3.14,5.59,2.65,222.0,-5.81
2025-07-01,Ellenbarrie Industrial Gases Limited,852.53,64.23,15.21,2.14,22.19,400.0,23.0
2025-07-01,Kalpataru Limited,1590.0,3.12,1.31,1.29,2.26,414.0,0.02
2025-07-01,Globe Civil Projects Limited,119.0,99.76,143.15,53.72,86.04,71.0,28.31
2025-07-02,HDB Financial Services Limited,12500.0,55.47,9.99,1.41,16.69,740.0,12.84
2025-07-03,Indogulf Cropsciences Limited,200.0,33.26,48.39,14.78,25.98,111.0,0.0
2025-07-09,Crizac Limited,860.0,134.35,76.15,10.24,59.82,245.0,14.29
2025-07-14,Travel Food Services Limited,2000.0,7.7,1.58,0.69,2.88,1100.0,2.38
2025-07-30,Indiqube Spaces Limited,700.0,14.35,8.27,12.9,12.41,237.0,-7.72
2025-07-30,GNG Electronics Limited,460.44,266.21,227.67,46.84,147.93,237.0,47.68
2025-08-01,Shanti Gold International Ltd,360.11,117.33,151.48,30.37,81.17,199.0,15.13
2025-08-05,Aditya Infotech Ltd,1300.0,133.21,72.0,50.87,100.69,675.0,50.81
2025-08-05,Laxmi India Finance Ltd,254.26,1.3,1.84,2.22,1.87,158.0,-13.92
2025-08-06,Sri Lotus Developers & Realty Ltd,792.0,163.9,57.71,20.28,69.14,150.0,19.4
2025-08-06,M & B Engineering Ltd,650.0,36.72,38.24,32.55,36.2,385.0,0.26
2025-08-14,All Time Plastics Ltd,400.6,10.15,13.47,5.14,8.34,275.0,14.29
2025-08-14,JSW Cement Ltd,3600.0,15.8,10.97,1.81,7.77,147.0,4.08
2025-08-18,Highway Infrastructure Ltd,130.0,420.57,447.32,155.58,300.61,70.0,67.14
2025-08-18,Knowledge Realty Trust,4800.0,6.75,15.51,0.0,10.73,100.0,4.0
2025-08-19,Bluestone Jewellers Ltd,1540.65,4.28,0.55,1.35,2.7,517.0,-1.59
2025-08-20,Regaal Resources Ltd,306.0,190.97,356.73,57.75,159.88,102.0,39.02
2025-08-26,Gem Aromatics Ltd,451.25,55.28,45.06,10.31,30.27,325.0,0.0
2025-08-26,Patel Retail Ltd,242.76,272.43,108.18,42.49,95.7,255.0,19.61
2025-08-26,Shreeji Shipping Group Ltd,410.71,110.41,72.7,21.94,58.1,252.0,7.88
2025-08-26,Vikram Solar Ltd,2079.37,142.79,50.9,7.65,54.63,332.0,2.41
2025-08-28,Mangal Electricals Ltd,400.0,10.54,18.79,4.84,9.46,561.0,-0.53
2025-09-03,Vikran Engineering Ltd,772.0,19.45,58.58,10.97,23.59,97.0,2.78
2025-09-03,Anlon Healthcare Ltd,121.03,1.07,10.61,47.29,7.12,91.0,0.0
2025-09-09,Amanta Healthcare Ltd,126.0,35.86,209.42,54.98,82.61,126.0,6.35
2025-09-17,Urban Company Ltd,1900.0,140.2,74.04,39.25,103.63,103.0,56.31
2025-09-17,Shringar House of Manglam Ltd,400.95,101.41,82.58,27.22,60.29,165.0,13.76
2025-09-17,Dev Accelerator Ltd,143.35,20.3,87.97,164.72,63.97,61.0,0.49
2025-09-23,Euro Pratik Sales Ltd,451.31,1.05,1.92,1.23,1.34,247.0,10.71
2025-09-24,VMS TMT Ltd,148.5,120.8,227.09,47.88,102.26,99.0,6.06
2025-09-25,Ivalue Infosolutions Ltd,560.29,3.18,1.26,1.28,1.82,299.0,-4.68
